Date,Open,High,Low,Close,Volume,Adj Close
2020-03-03,17.355879936031158,17.80217474818542,16.61205651020125,16.661643981933594,14423200,0
2020-03-04,17.197201212311434,17.603824615478516,16.959177895211763,17.603824615478516,8290000,0
2020-03-05,17.55423851350096,17.574072372753943,17.008766713755463,17.306297302246094,7298700,0
2020-03-06,16.998845488013426,17.13769382526669,16.096339808251468,16.869916915893555,5631300,0
2020-03-09,15.739304256472536,16.18559814207133,15.72938638336979,16.066587448120117,2120300,0
2020-03-10,16.512880325317383,16.850080442969343,16.066587387230403,16.512880325317383,3672900,0
2020-03-11,16.314531768274005,16.49304784386017,16.116178050989937,16.383955001831055,1879800,0
2020-03-12,15.521115777314293,16.284774981457925,15.342598790567036,16.066587448120117,1515700,0
2020-03-13,16.512882019357384,17.10794122282742,15.98724793446572,16.562471389770508,2599700,0
2020-03-16,16.264941446235014,16.264941446235014,14.529353141784668,14.529353141784668,2199800,0
2020-03-17,14.578941195335352,15.382271034723912,14.529352770169545,15.332682609558105,1406800,0
2020-03-18,14.975649731881777,15.203755195193635,14.023555430511774,14.380590438842773,2868500,0
2020-03-19,14.30124828348,15.421942604664341,14.30124828348,15.193836212158203,847900,0
2020-03-20,15.273176421528479,15.828565084957036,15.273176421528479,15.56078815460205,815500,0
2020-03-23,15.43186057253245,15.79881343190399,14.113804695448001,14.549189567565918,828700,0
2020-03-24,14.588860511779785,15.104577725354307,14.043389672672026,14.588860511779785,1842700,0
2020-03-25,14.628530236281101,15.07978312722616,13.785529810438364,13.973965644836426,920600,0
2020-03-26,13.993799329518202,15.104575660414866,13.686352807604035,15.035152435302734,1189800,0
2020-03-27,14.876472083320024,15.010360559066854,14.281412821658975,14.836801528930664,552600,0
2020-03-30,14.83680136412637,14.975648775857156,14.38058952080591,14.747542381286621,829300,0
2020-03-31,14.588858623395053,15.124411518002994,13.82519935832827,14.926058769226074,1328600,0
2020-04-01,14.569024598286328,14.985565892881038,13.626848220825195,13.626848220825195,1079400,0
2020-04-02,13.636766963590325,14.3805906161498,12.892943311030853,13.031790733337402,1366400,0
2020-04-03,13.121046548505905,13.279729695255158,11.821835319036548,12.545823097229004,1419200,0
2020-04-06,12.664835461103017,12.833434587127364,11.841669903720225,12.426811218261719,1197000,0
2020-04-07,12.744176387910395,13.230140849216612,12.168952954972324,13.150799751281738,377700,0
2020-04-08,13.21030535203519,13.854952967241726,13.031788351210736,13.607011795043945,595700,0
2020-04-09,13.626846872948947,15.58062361426293,13.497917347296701,15.243423461914062,1720300,0
2020-04-13,15.064907927417561,15.183920543889165,14.38059058471959,15.005402565002441,182900,0
2020-04-14,15.283094067358626,15.858317524907788,14.916141237254541,15.273176193237305,779300,0
2020-04-15,15.213671750684876,15.213671750684876,14.192154300564564,14.737624168395996,678900,0
2020-04-16,14.638447929708596,15.124412429969702,14.638447929708596,14.896306991577148,221300,0
2020-04-17,15.263504282357745,15.27342876449212,14.86653351503911,14.965776443481445,1042000,0
2020-04-20,14.916154196767371,15.620776301681898,14.74744179513638,15.273427963256836,550600,0
2020-04-21,15.025323830999731,15.233733243557781,14.668050011499762,15.094793319702148,642200,0
2020-04-22,15.243654658004848,15.54138248398887,14.8764573529898,15.253579139709473,590500,0
2020-04-23,15.233730956950422,15.74979169611546,15.164260532224828,15.342897415161133,430600,0
2020-04-24,15.402444433784433,15.600929347322744,14.926079694841766,15.065019607543945,834300,0
2020-04-27,15.28335236549101,15.422292276613915,14.836761078493355,15.154337882995605,571800,0
2020-04-28,15.382594421656028,15.382594421656028,15.124563578402672,15.273427963256836,548000,0
2020-04-29,15.3627474441632,16.841461323520488,15.3627474441632,16.563583374023438,367200,0
2020-04-30,16.871229926808525,17.575850973982742,16.50403173670154,17.168956756591797,1681700,0
2020-05-01,17.01017095994594,18.081990329441574,16.61320117363297,17.407142639160156,1389000,0
2020-05-04,17.248355386428834,17.615553676218227,17.04987141032504,17.119340896606445,760100,0
2020-05-05,17.159036427788593,17.526232773322153,16.752140263944042,16.920852661132812,333000,0
2020-05-06,17.039944509625755,17.208656906469624,16.781913673693882,17.05979347229004,625400,0
2020-05-07,17.2781280777515,17.53615893899432,16.83153583850404,16.960552215576172,495400,0
2020-05-08,17.258280156005185,17.366455694642582,16.970477723355817,17.07964324951172,156600,0
2020-05-11,17.10941332887368,17.506383102405316,17.04986833606923,17.417064666748047,883800,0
2020-05-12,17.863657120773688,18.856082516372226,17.377368904078548,17.44683837890625,950700,0
2020-05-13,17.744568169415352,17.820986497240963,17.40714522068458,17.704872131347656,290900,0
2020-05-14,17.675102626395347,17.675102626395347,16.8910872438564,17.4964656829834,706500,0
2020-05-15,17.436913874982615,17.71479366683099,17.29797492550904,17.516307830810547,80200,0
2020-05-18,17.823959693181223,18.141537418661926,17.64532470703125,17.64532470703125,101000,0
2020-05-19,17.823959693181223,17.85373313732352,17.47661230936077,17.64532470703125,577000,0
2020-05-20,17.48653856204212,17.923204429620306,17.248354770579425,17.268203735351562,165200,0
2020-05-21,17.31782676561177,17.595704710737387,16.901007955021814,17.119340896606445,178500,0
2020-05-22,17.17888464037939,17.57585445637778,16.960551714805625,17.556007385253906,90600,0
2020-05-26,17.853735746639273,18.39460775708097,17.48653934639169,17.94305419921875,524700,0
2020-05-27,18.300325725638334,18.310250207230975,17.68502111720383,18.121688842773438,1143800,0
2020-05-28,18.21100622508366,18.93547630310059,17.92320195433926,18.935476303100586,956700,0
2020-05-29,18.95532795550828,19.203434337405245,18.419417262018133,19.024797439575195,274100,0
2020-06-01,18.856084084000276,20.811161594423176,18.856084084000276,20.076766967773438,845900,0
2020-06-02,20.384417964340333,20.657334561920305,19.2133557274069,19.2530517578125,832700,0
2020-06-03,19.26297962578596,19.640102391907806,18.935479272523043,18.98509979248047,409500,0
2020-06-04,18.955327278872815,19.084341759977246,18.528584014378968,18.6575984954834,261600,0
2020-06-05,18.85608445204698,19.42176668274416,18.78661497008787,19.104190826416016,382200,0
2020-06-08,19.798886919520854,20.334795635847563,19.233202867702143,19.977521896362305,503700,0
2020-06-09,19.719493167946332,19.86835659662631,19.163733591286004,19.282825469970703,499700,0
2020-06-10,19.044647501685574,19.193510960820266,18.806465588489758,19.00494956970215,324000,0
2020-06-11,18.459113225337028,18.565303093770808,17.714794158935547,17.714794158935547,525700,0
2020-06-12,18.260630903222207,18.60798024640204,17.660213861568028,17.96290397644043,709000,0
2020-06-15,17.804117206649785,18.31025452995658,17.29797988334299,18.250707626342773,1439200,0
2020-06-16,18.736992580179486,18.88585791928655,18.359871723598413,18.37972068786621,474400,0
2020-06-17,18.409487873966633,18.553389991417227,18.151458971304766,18.32016944885254,540400,0
2020-06-18,18.24077905019456,18.607977301827205,18.022446131297603,18.290401458740234,486500,0
2020-06-19,18.518661634857022,18.578206641134887,18.01252434924112,18.240781784057617,884100,0
2020-06-22,18.032369693666325,18.419414996083255,17.645324391249392,17.75448989868164,311000,0
2020-06-23,17.784264941167443,18.042295796943815,17.645325977634556,17.863658905029297,326000,0
2020-06-24,19.034720008287355,19.491234796487998,17.833884256326865,18.23085594177246,1589700,0
2020-06-25,18.320172364663314,18.81638507520654,18.20108237415765,18.578203201293945,1937900,0
2020-06-26,18.74691650448512,18.74691650448512,18.161385326317916,18.389644622802734,1010500,0
2020-06-29,18.032373933341393,18.607980728149414,18.032373933341393,18.607980728149414,681500,0
2020-06-30,18.52858186703037,18.746914768558042,18.280475522743888,18.627824783325195,483400,0
2020-07-01,18.727073079012694,18.96525501079785,18.349950267343228,18.806467056274414,1434200,0
2020-07-02,18.866009921335948,18.995024409881925,18.409493184300892,18.70722198486328,435800,0
2020-07-06,19.02479559405014,19.302675396263176,18.53850735985329,18.81638526916504,586400,0
2020-07-07,18.70722265143277,19.104192506759137,18.70722265143277,19.00494956970215,830400,0
2020-07-08,19.054570206669286,19.133964170326184,18.528584014378968,18.6575984954834,393900,0
2020-07-09,18.707220413362055,18.85608385468721,18.42934060142744,18.528583526611328,434800,0
2020-07-10,18.637751424245227,18.717145387902125,18.429341086582497,18.6575984954834,763900,0
2020-07-13,18.76676672232005,19.00494862365947,18.617903270595598,18.677448272705078,322500,0
2020-07-14,18.568278660953172,18.78661346435547,18.548431591199453,18.78661346435547,276800,0
2020-07-15,18.96525186249781,19.253054272457156,18.826311005678182,19.104190826416016,805400,0
2020-07-16,18.97517541810862,19.659947615042373,18.90570404664022,19.431690216064453,1024500,0
2020-07-17,19.461479654316626,20.30547275677462,19.37211556735821,19.878511428833008,1012900,0
2020-07-20,19.848726183392973,20.037383943192292,19.530987994595588,19.6501407623291,805300,0
2020-07-21,19.828863699310492,19.858652359642676,19.312540177299972,19.511125564575195,597300,0
2020-07-22,19.421761035094452,19.93808643921374,19.40190382252727,19.83879280090332,509300,0
2020-07-23,19.838795525289175,20.355121000313463,19.70971510346755,20.106887817382812,403500,0
2020-07-24,20.116812735830568,20.7125726163387,20.106883183537445,20.394834518432617,780400,0
2020-07-27,20.921095197563673,21.050177530796542,20.404769652370483,20.950883865356445,1443700,0
2020-07-28,21.060103670520046,21.298409207897926,20.533850501305505,21.179256439208984,1058000,0
2020-07-29,21.189183298341096,21.407627803629076,20.980666453134084,21.288476943969727,409800,0
2020-07-30,21.209042327479185,21.576426352911426,21.04024369869798,21.467205047607422,429800,0
2020-07-31,21.626071991375586,21.735293285916583,21.23882700240917,21.447343826293945,1072200,0
2020-08-03,21.42749032904713,21.96367496463779,21.12961123852059,21.62607765197754,582900,0
2020-08-04,21.586358025096857,22.26155260647861,21.457277599300436,22.2416934967041,652300,0
2020-08-05,22.27147806959822,22.43034713086861,22.053031689949986,22.400558471679688,666100,0
2020-08-06,22.489921755510533,23.105540766439894,20.126743132759863,21.953739166259766,1846600,0
2020-08-07,22.013314658505852,22.13246739753332,21.29840390594666,21.407625198364258,606300,0
2020-08-10,21.427484794148533,21.477130665122655,19.796096929402044,20.34518814086914,1461300,0
2020-08-11,20.504058262557077,20.762220971503933,20.027451058594576,20.633140563964844,1091100,0
2020-08-12,20.752292475840097,21.070030628011352,20.166462047573553,20.1763916015625,1251700,0
2020-08-13,21.248758240422507,21.958705233648143,20.871444668337148,21.427486419677734,3381200,0
2020-08-14,21.34805175213352,21.467204502191848,20.97073818237479,21.228899002075195,1045400,0
2020-08-17,21.02038444020335,21.496991661392155,20.83669242880389,21.079959869384766,1570400,0
2020-08-18,19.75936084545425,20.156533556614708,18.61748859066711,19.342329025268555,12927400,0
2020-08-19,19.78914815330964,20.325330803177117,17.445826477192067,18.279890060424805,8734500,0
2020-08-20,18.121022892517757,19.32247062455362,17.76356649243551,19.22317886352539,2826700,0
2020-08-21,19.12388480147336,19.3125425523745,18.816076182327535,19.183460235595703,970800,0
2020-08-24,19.163597855187714,19.292680149933165,18.190524390520295,18.865718841552734,1684300,0
2020-08-25,18.7763535865775,18.94515218879838,18.349392304850063,18.567838668823242,1491800,0
2020-08-26,18.44868840377715,18.96501383189857,18.329535653491934,18.438758850097656,1779400,0
2020-08-27,18.577763809455373,18.716775629653025,18.210379891622345,18.329530715942383,1024300,0
2020-08-28,18.091231180389457,18.667132009138864,17.06851182067352,18.53805160522461,2312300,0
2020-08-31,18.67706303699588,18.67706303699588,18.071375394680967,18.121021270751953,1293800,0
2020-09-01,17.872791416216707,18.21038873892144,17.346536320501883,17.50540542602539,3170700,0
2020-09-02,17.634485855044392,18.26003265380859,17.525262646582025,18.260032653808594,984200,0
2020-09-03,18.269958688856665,18.816072732090664,18.190524159969534,18.657203674316406,2630300,0
2020-09-04,18.57776849269765,19.391974835521626,18.57776849269765,18.96501350402832,1666600,0
2020-09-08,18.86572383783842,19.312544370492752,18.538056078514938,19.173532485961914,929000,0
2020-09-09,19.272822866536394,19.655102169635146,19.26289331262709,19.60049057006836,678800,0
2020-09-10,19.610418225196057,22.013315116392544,19.501195036638034,20.156530380249023,2946600,0
2020-09-11,20.156534605558903,20.39484013852545,19.876527971659428,20.384910583496094,970500,0
2020-09-14,20.513985974659036,21.03031134620624,20.40476279002099,20.454410552978516,1509900,0
2020-09-15,20.543774510006315,20.8515830630346,20.270718443906944,20.811864852905273,1379200,0
2020-09-16,21.03031253234544,21.258686573225145,20.682785747515805,20.752290725708008,2210700,0
2020-09-17,20.623212403360615,21.715438739944453,20.37497923113105,21.705509185791016,1307700,0
2020-09-18,21.67572056697836,22.45020874768693,21.67572056697836,22.271480560302734,2161900,0
2020-09-21,22.0530328927985,22.0828215536122,20.662927583927143,21.03031349182129,1404400,0
2020-09-22,21.119676486073462,21.30833231317888,20.265753859013945,21.1097469329834,897000,0
2020-09-23,20.9707366771574,21.12960573658621,19.948015449949423,20.156530380249023,1458100,0
2020-09-24,20.176389291171933,20.295542031526406,19.47140808350268,20.136672973632812,1085000,0
2020-09-25,20.156532515921178,20.45441345431341,19.997663439659497,20.365049362182617,519900,0
2020-09-28,20.64307048863868,21.496991270959,20.48419952392578,20.48419952392578,1138400,0
2020-09-29,20.742360708690885,21.134569526997126,20.573562096626716,20.89130210876465,1177600,0
2020-09-30,20.921089212009377,21.23882733541703,20.801938362665812,21.1097469329834,1158500,0
2020-10-01,21.11967728173149,21.784942212880033,21.089888621339046,21.745223999023438,1195100,0
2020-10-02,21.536710881123337,22.33105628681564,21.417558123335073,22.301267623901367,925100,0
2020-10-05,22.301268432716494,22.926817119521612,22.142399345816223,22.192047119140625,1430200,0
2020-10-06,22.64879350943294,22.698441278896933,21.71543816993501,22.02324676513672,1666800,0
2020-10-07,22.043105717906126,22.51971293819619,21.963671181191113,22.38070297241211,804300,0
2020-10-08,22.559429023526594,22.837450846053905,22.17218589782715,22.17218589782715,695800,0
2020-10-09,22.360846166009942,22.360846166009942,21.914025667335963,22.043107986450195,1152500,0
2020-10-12,22.192041697844235,22.509779794024507,21.943808573469845,22.22182846069336,567400,0
2020-10-13,22.360845170184238,22.7778769857514,22.048070835041656,22.509784698486328,762100,0
2020-10-14,22.450206720494027,22.489923039732677,22.142396250518452,22.26154899597168,412000,0
2020-10-15,22.092749772244154,22.340982915752516,21.74522299255873,22.20197296142578,584100,0
2020-10-16,22.152302176812523,22.460250353104687,22.043032015765668,22.072832107543945,287100,0
2020-10-19,22.1423724002151,22.599324872794686,21.635749944931568,21.705286026000977,407800,0
2020-10-20,21.784753599277934,22.092699877777015,21.248329216038357,21.824487686157227,808300,0
2020-10-21,21.70528646048818,22.589391328438737,21.680452415997145,22.380783081054688,1091800,0
2020-10-22,22.321176069258804,22.35097805543043,21.948659768334963,22.221839904785156,333200,0
2020-10-23,22.271508310894223,22.410580458952428,22.038064152611454,22.25164031982422,251400,0
2020-10-26,22.112570075254876,22.33608025724279,20.91555098362635,21.09932518005371,677300,0
2020-10-27,21.09932340034928,21.188727465603314,20.135748568375273,20.195350646972656,531100,0
2020-10-28,19.86753965832398,20.11588390405303,19.480123241295857,19.62912940979004,530000,0
2020-10-29,19.798000647388797,19.798000647388797,19.147338137620537,19.539722442626953,943700,0
2020-10-30,19.629123755797536,19.79799787003927,18.913893216211438,19.013229370117188,552300,0
2020-11-02,19.08277144350327,19.79800410297938,19.08277144350327,19.61919593811035,824700,0
2020-11-03,19.728464811050795,20.44866151020439,19.678794831812496,20.364225387573242,461400,0
2020-11-04,20.503296674284815,20.90064891254966,20.086078339879442,20.344356536865234,1099400,0
2020-11-05,21.546346271565437,21.963564660458687,20.76157758269065,21.337736129760742,2091100,0
2020-11-06,21.596013498177918,22.01323187041221,21.218531111259303,21.605947494506836,1714000,0
2020-11-09,22.052966843536737,22.331111149115905,21.377470281902802,21.516542434692383,1044400,0
2020-11-10,21.52647669440587,21.8344229913783,21.253298436056973,21.655614852905273,1164400,0
2020-11-11,22.519856323285147,23.294691053598577,22.430452243067588,22.827802658081055,2350300,0
2020-11-12,22.658927008961015,23.076145391044367,22.062900478168213,22.46025276184082,1038800,0
2020-11-13,22.360911638661126,22.857600030737874,22.311241662623942,22.698659896850586,966200,0
2020-11-16,22.688728837313892,24.231442682509407,22.688728837313892,23.831111907958984,2026400,0
2020-11-17,23.741708088538854,24.01985430916783,23.35230413754474,23.970184326171875,759000,0
2020-11-18,24.069519997532034,24.725148549978453,23.950315839659552,24.5562744140625,1127900,0
2020-11-19,24.476803316453736,25.34104195097301,24.476803316453736,25.261571884155273,2198300,0
2020-11-20,25.420514474738482,25.827798843383793,25.14236826663504,25.82779884338379,1000900,0
2020-11-23,26.215215614698213,26.215215614698213,25.668859081127493,26.036407470703125,1589200,0
2020-11-24,26.165544721344585,26.801305258720063,25.569518270197147,25.728458404541016,2187400,0
2020-11-25,25.688724574950363,26.662233381211145,25.480114462342552,26.264883041381836,1179800,0
2020-11-27,27.417203848616488,27.675482079682247,26.870845396267953,26.950315475463867,1215600,0
2020-11-30,28.122500564640713,28.410580785923493,26.160580734516156,26.950315475463867,4488000,0
2020-12-01,26.811240788866694,27.88408770446491,26.701968729731146,27.466869354248047,3391700,0
2020-12-02,27.466872768132536,27.695349015889885,26.761576030781708,27.546342849731445,1876900,0
2020-12-03,27.476802404080164,28.708589420713363,27.476802404080164,27.953622817993164,1130800,0
2020-12-04,28.003293212323243,28.499981624558128,27.675478936036857,28.162233352661133,1259400,0
2020-12-07,28.052965495278986,28.678794049424397,27.894025331147247,28.082767486572266,766100,0
2020-12-08,27.913891887046834,28.509918419187997,27.903957890460934,28.182104110717773,577700,0
2020-12-09,28.41057848797834,28.58938662538557,27.993360132266808,28.36090850830078,479500,0
2020-12-10,28.231768731565616,28.559582999774392,27.640710217668,27.814550399780273,1102200,0
2020-12-11,27.67548179626465,28.3509784098704,27.417203567843853,27.67548179626465,1394000,0
2020-12-14,27.943691801893117,28.082765858482773,26.781440734863278,26.78144073486328,943800,0
2020-12-15,27.019849797728156,27.600974317981716,26.980113816147117,27.30792808532715,783600,0
2020-12-16,27.31786264399232,27.576140845446886,26.582764022028982,26.900644302368164,1677400,0
2020-12-17,27.039719274491873,27.784751969842432,26.86091301916928,27.67548179626465,1711400,0
2020-12-18,27.84435427907416,28.072830503875124,27.17879170203778,27.238393783569336,1510700,0
2020-12-21,26.821177520216118,27.054621708645687,26.324489047619522,26.622501373291016,829200,0
2020-12-22,26.483427136877616,27.278127873018367,26.483427136877616,27.238393783569336,294300,0
2020-12-23,27.52647432191709,28.33111101405998,27.451972187640557,27.844356536865234,650100,0
2020-12-24,28.013227462768555,28.132431621748403,27.79468334677893,28.013227462768555,128700,0
2020-12-28,28.02315949653818,28.32117368270488,27.913889333521404,28.12249755859375,153000,0
2020-12-29,28.1920340256048,28.47018022428459,27.97349180181666,28.043027877807617,266000,0
2020-12-30,28.201971495370916,28.72250119297175,28.201971495370916,28.58938980102539,511000,0
2020-12-31,28.599321820802466,29.0463402883529,28.29137361803395,28.986738204956055,478100,0
2021-01-04,28.937070355575983,29.135746507827392,27.61587905883789,27.61587905883789,922600,0
2021-01-05,27.58607899998153,28.480117896901618,27.58607899998153,28.082767486572266,695600,0
2021-01-06,28.17216505006221,29.05626974540832,28.152297060461766,28.63905143737793,578600,0
2021-01-07,28.65892389710901,29.63243280278625,28.63905590440962,29.274816513061523,786600,0
2021-01-08,29.304619280697914,29.80130774308262,28.917202886346995,29.692035675048828,374800,0
2021-01-11,29.642363720345713,29.74170177880889,28.73839098829097,29.115873336791992,1052700,0
2021-01-12,29.165542031291317,29.29468017531554,28.410575472761032,28.88739585876465,441300,0
2021-01-13,28.857593828536928,29.26487814444447,28.619183635911718,28.996667861938477,357000,0
2021-01-14,29.1655466020858,30.01984945388213,28.98673845563287,29.701969146728516,615300,0
2021-01-15,29.48342736614286,29.81620772575261,29.110911020165076,29.801307678222656,645600,0
2021-01-19,30.099511401004243,32.05776818593343,30.099511401004243,31.312238693237305,1862800,0
2021-01-20,31.312240565540463,31.739677803601413,31.018998871706533,31.113431930541992,383300,0
2021-01-21,31.103496015731054,31.361944610211335,30.248621462361445,30.298322677612305,532400,0
2021-01-22,30.149214400143038,31.12337254011163,29.821181479705462,31.03390884399414,226500,0
2021-01-25,31.530933877107355,31.908668072279404,30.13927888481772,30.387788772583008,858600,0
2021-01-26,30.586593969117285,30.695937018055435,29.28440093994141,29.284400939941406,872300,0
2021-01-27,29.065710937702296,29.20487584272379,28.340062652976446,28.5289306640625,1258500,0
2021-01-28,28.906666271294597,29.24463982593121,28.558752094935762,28.87684440612793,481200,0
2021-01-29,28.588573881377155,29.095534211936044,27.872866183165637,28.121376037597656,1134900,0
2021-02-01,28.10149716929438,28.479231345725363,26.63031916175072,28.210840225219727,1078300,0
2021-02-02,28.52893356834741,29.7217797956357,28.52893356834741,29.304283142089844,722100,0
2021-02-03,29.67208051314875,29.711841108658206,28.89672899292484,29.065715789794922,354000,0
2021-02-04,29.07565007665289,30.666113366024682,28.99612700698328,30.63629150390625,922100,0
2021-02-05,30.86491965916316,30.944442727717036,30.467304316393783,30.825159072875977,490200,0
2021-02-08,30.91462795665975,31.610454449432773,29.682019238966554,29.821184158325195,849900,0
2021-02-09,29.890765596468736,30.11939421216721,29.095534804482842,29.204877853393555,684500,0
2021-02-10,29.344043691753413,29.413626146749316,28.578632894839117,29.025951385498047,390400,0
2021-02-11,29.244638341409356,29.448416336421356,28.55875064523107,28.64821434020996,329500,0
2021-02-12,28.58857393389855,28.707857602496418,28.260541001284828,28.638275146484375,276800,0
2021-02-16,28.76749888748904,28.82714071671832,28.379822257549826,28.38976287841797,269700,0
2021-02-17,28.340065984164553,29.08559559894832,27.723760668378837,28.916608810424805,741200,0
2021-02-18,28.787381092419043,28.85696544540717,27.92256784677248,27.93250846862793,877400,0
2021-02-19,28.260540673193955,29.860944726809954,28.131314488403504,29.78141975402832,780500,0
2021-02-22,29.781421636383893,29.811243503061917,28.95139958830036,29.264522552490234,780500,0
2021-02-23,28.250598082764803,29.85000663556978,27.93250579772547,28.90666389465332,1449500,0
2021-02-24,29.244640954308753,31.689977112934407,28.966309223286565,30.84504508972168,1570900,0
2021-02-25,31.153197274679016,31.262542223560082,30.437489535771626,30.8549861907959,855500,0
2021-02-26,30.089574406113314,30.974268904006973,29.622374654298195,30.83510398864746,1168600,0
2021-03-01,31.183019168891487,32.13729805092067,30.984210515474626,31.45140838623047,1403000,0
2021-03-02,31.461348146661813,32.703899352509595,31.461348146661813,32.465328216552734,659500,0
2021-03-03,32.64425897562859,33.4693098303587,32.17705917367349,33.29038619995117,798500,0
2021-03-04,33.06174881912361,33.48918606504386,29.860944525436327,31.839080810546875,1294100,0
2021-03-05,32.01800668596398,32.43550518651094,30.735696905065424,31.37188148498535,773400,0
2021-03-08,31.421586538340097,32.276461042592324,31.262540383499644,31.65021514892578,424800,0
2021-03-09,32.23670105786853,33.737699023674296,31.998129911111988,33.2506217956543,643000,0
2021-03-10,33.50906611931697,34.26254738240151,33.26055627780565,33.51900863647461,496700,0
2021-03-11,33.787401089917005,33.787401089917005,32.89276410742835,32.95240783691406,2129800,0
2021-03-12,32.83311801457576,33.056779140078234,31.96830485505994,33.02198791503906,589700,0
2021-03-15,33.13133613126544,33.13133613126544,32.346044068906274,32.415626525878906,339500,0
2021-03-16,33.32019826639837,33.98620278675962,31.332119638035408,32.097530364990234,1096500,0
2021-03-17,32.326169430783814,32.96235419136657,31.70986402198416,32.87289047241211,910600,0
2021-03-18,32.80329940489097,33.05180924886742,32.24663598927839,32.61443328857422,695400,0
2021-03-19,32.38580754502065,32.952409735929734,32.1074739166733,32.91264724731445,1559000,0
2021-03-22,33.151210333677476,33.459363892895,32.52496828230513,33.260555267333984,624400,0
2021-03-23,33.190974180618575,33.46930399266189,32.61443331396324,32.85300064086914,984700,0
2021-03-24,32.88282538034483,33.648232386266905,32.69395546629496,33.03192901611328,845800,0
2021-03-25,33.01204539819408,33.74266491597572,32.36592210575825,33.02198791503906,726100,0
2021-03-26,33.24067243574142,34.522984027722224,32.94246140764236,34.4931640625,1144800,0
2021-03-29,34.49316574428074,34.49316574428074,33.379842748847864,33.41960144042969,1006500,0
2021-03-30,33.290380114307595,34.10549209299305,32.93252533499022,33.99614715576172,711600,0
2021-03-31,34.175074199698834,35.21881476750966,33.82715814912241,34.741676330566406,772600,0
2021-04-01,34.72180032791215,35.31822251610199,34.67209911088963,35.20887756347656,486400,0
2021-04-05,35.487205505371094,35.676071616510214,35.139289458166374,35.487205505371094,467700,0
2021-04-06,35.487211200839525,35.57667490825518,34.970310201544606,35.04983139038086,524600,0
2021-04-07,34.8112625844337,35.13929363667812,34.31424285100425,34.423587799072266,375800,0
2021-04-08,34.99018625409787,35.56672711146968,34.652212719790526,35.298336029052734,409800,0
2021-04-09,35.357985499672175,36.48125122145531,34.96036817402651,36.13333511352539,765100,0
2021-04-12,36.192974380923374,36.192974380923374,34.858974447318,34.89078140258789,609300,0
2021-04-13,32.9126444649091,33.66811272493474,32.39574353248764,33.48918533325195,1672400,0
2021-04-14,33.56871793910646,33.93651153146204,33.49913547006514,33.64823913574219,1096800,0
2021-04-15,33.89674052189878,34.46334265144671,33.79733810308515,34.344058990478516,2625200,0
2021-04-16,34.25556932947091,34.25556932947091,32.674542936013246,32.70437240600586,2740300,0
2021-04-19,32.45577854712927,32.70436754187525,31.779616177966822,31.98843002319336,1575900,0
2021-04-20,32.127641619491236,33.08023478711834,32.02820375010938,32.83363342285156,1043500,0
2021-04-21,32.63476200115977,33.57940091303455,32.63476200115977,33.41035842895508,1134100,0
2021-04-22,33.509802461060005,33.509802461060005,32.89330272031298,32.99273681640625,566800,0
2021-04-23,32.90324586019205,33.06234269587406,32.53036229595287,32.73420333862305,454300,0
2021-04-26,32.654650261841596,33.26120801147578,32.614875112614136,33.01261901855469,762600,0
2021-04-27,33.181661719581264,33.181661719581264,32.664596096691625,32.913185119628906,925800,0
2021-04-28,32.903244214519,32.98279073179756,32.54030256115176,32.803810119628906,449500,0
2021-04-29,33.141888527308836,33.470024047006305,32.813749214444115,33.08222579956055,1398900,0
2021-04-30,32.813749058489165,33.25126434706215,32.58504762629188,32.744144439697266,915500,0
2021-05-03,32.81375071801285,33.07228163043382,32.51544465193712,32.67454147338867,885000,0
2021-05-04,32.435896843214884,32.5353347350116,31.769680037431645,32.15747833251953,1160300,0
2021-05-05,32.56516298145807,32.85352716707395,32.167419015562544,32.803810119628906,955500,0
2021-05-06,32.654645338484166,33.36063706157726,31.88899090054526,32.29667663574219,1716800,0
2021-05-07,32.58505110523654,32.77895024873952,32.4060666969003,32.50550079345703,1549100,0
2021-05-10,32.60493524102953,32.823690988993505,31.839280640237526,31.869110107421875,1185000,0
2021-05-11,31.322213262287455,31.49125385416949,30.76537444644573,30.944358825683594,849500,0
2021-05-12,30.695768259617118,30.884694519952436,29.771016945300083,30.5267276763916,1161600,0
2021-05-13,31.073624866375585,31.13328569507563,30.53170077284265,31.033849716186523,682900,0
2021-05-14,31.32221471781223,32.018264692397054,31.15317411807498,31.630464553833008,813100,0
2021-05-17,31.381876162721888,31.79950577633496,31.262554499737373,31.50119972229004,749400,0
2021-05-18,31.610576901075422,32.03815026763063,31.4017611631046,31.898941040039062,351600,0
2021-05-19,31.521084959383245,31.918825070874213,31.322213007054263,31.749786376953125,1024400,0
2021-05-20,31.670235228951743,32.24696156479291,31.580743047822654,32.028202056884766,945500,0
2021-05-21,32.02820698382928,32.45578038242396,31.998377516586427,32.25690841674805,873700,0
2021-05-24,32.57510492161962,32.754089327219255,32.29668642098356,32.36629104614258,350500,0
2021-05-25,32.39612430918757,32.68945754476234,32.182337591008434,32.36629104614258,900800,0
2021-05-26,32.52538219965354,32.604932496338236,31.978487186030506,32.097808837890625,517100,0
2021-05-27,32.217136452842816,32.63476415906522,31.769675486770822,32.60493469238281,1191600,0
2021-05-28,32.71431490812001,32.94301633986688,32.306629087498685,32.356346130371094,732100,0
2021-06-01,33.02256039239435,33.59928866766424,32.69442489932147,33.3109245300293,996400,0
2021-06-02,33.37059346640544,33.37059346640544,32.371264482346824,32.45578384399414,709600,0
2021-06-03,32.07792248186745,32.4259493533288,31.58074638479226,31.620519638061523,926100,0
2021-06-04,31.988432316338702,32.31657163364681,31.511143763974726,31.570804595947266,531200,0
2021-06-07,31.68018236284071,31.879054318937616,31.48131040674381,31.620519638061523,953000,0
2021-06-08,31.779616440002343,33.06233657382826,31.62051963377978,32.27679443359375,1463700,0
2021-06-09,32.495552115019855,32.50549400533231,31.71995380639236,32.00831604003906,501400,0
2021-06-10,32.05804113279031,33.02256393432617,31.91882809774153,33.02256393432617,566800,0
2021-06-11,33.14188205170038,33.14188205170038,32.7043630533678,32.82368469238281,369600,0
2021-06-14,32.86346505348265,33.291038437093654,32.71431392932793,32.90324020385742,401100,0
2021-06-15,32.764027796734425,32.853519979824654,31.968543832136188,32.06797790527344,892200,0
2021-06-16,32.058040626320825,32.246966909722666,31.481312298303695,31.83928108215332,800000,0
2021-06-17,31.60063626569345,31.70504319680056,30.685828614742327,30.984134674072266,1074400,0
2021-06-18,30.626165213167788,30.8648123312923,30.387519991626903,30.725601196289062,592000,0
2021-06-21,30.755431861641224,30.91949961796871,30.57644747540499,30.904584884643555,1492300,0
2021-06-22,30.8250381788635,31.36199136717807,30.586392949584923,31.222780227661133,1097400,0
2021-06-23,31.25261061859691,31.87905598544163,31.06368244008683,31.55091667175293,981800,0
2021-06-24,31.749788204605398,31.99837721103471,31.381875640593226,31.580747604370117,1128700,0
2021-06-25,31.759732326831227,31.829335049327256,31.16311832580277,31.819393157958984,2061300,0
2021-06-28,31.65035302317886,31.680184387474934,30.874754620733817,31.352046966552734,1064400,0
2021-06-29,31.411706990806227,31.99837719745716,31.371931839434282,31.79950523376465,562000,0
2021-06-30,31.630465503182606,31.958602924687842,31.590692247300826,31.739845275878906,984200,0
2021-07-01,31.938711428351358,32.11769579931027,31.650349194704656,32.00831604003906,331700,0
2021-07-02,32.14753046079775,32.227076966272534,31.64040678987385,32.087867736816406,540900,0
2021-07-06,32.11769956151757,32.17736228988161,31.401763890401963,31.83928108215332,532700,0
2021-07-07,31.849226953068904,32.823695545767166,31.839285060349674,32.73420333862305,699100,0
2021-07-08,31.998378001015055,32.49555602614808,31.570804595947266,31.570804595947266,1059700,0
2021-07-09,31.729901507305566,31.938715368126758,31.29238431283456,31.521087646484375,871000,0
2021-07-12,31.35204435990324,31.46142222672772,30.78525986490295,31.31226921081543,1673900,0
2021-07-13,31.29238250266479,31.549921479363398,30.854867230086377,31.033849716186523,453000,0
2021-07-14,31.381871482516058,32.46572145524876,31.262549837326844,32.266849517822266,2303400,0
2021-07-15,32.26685670486005,32.276798597020786,31.540975299180708,31.69013023376465,1125200,0
2021-07-16,31.681174694700797,31.76075056685585,31.33302954255802,31.551862716674805,1461900,0
2021-07-19,30.94509656092079,31.044564975479172,30.218964612871194,30.52732276916504,1070900,0
2021-07-20,30.616845129622966,31.323080721778258,30.587003467624356,31.163928985595703,808100,0
2021-07-21,31.44244769468485,31.830379841891588,31.352924599600453,31.631439208984375,471700,0
2021-07-22,31.492180148916763,32.088998219894776,31.492180148916763,31.77069664001465,1967500,0
2021-07-23,31.93979283101701,32.51671641036085,31.780641106252183,32.506771087646484,650100,0
2021-07-26,32.50677445469997,32.50677445469997,32.0790534386268,32.327728271484375,344100,0
2021-07-27,32.228258211561844,32.89470490826327,32.0790518016704,32.844970703125,1390800,0
2021-07-28,32.95439175649917,33.740201388491855,32.69576779095056,33.421897888183594,1426800,0
2021-07-29,33.20306559216153,34.118187179061,33.024019404380866,33.35226821899414,1579100,0
2021-07-30,33.62083740024347,34.75479405648273,33.62083740024347,34.68516540527344,1014700,0
2021-08-02,34.81448035276058,35.09299498134995,34.237552856994334,34.32707595825195,698600,0
2021-08-03,34.48622994332098,34.70506504818623,33.857579887859906,34.36686706542969,1197100,0
2021-08-04,34.31712857565612,35.17257064871633,34.20671688387499,35.04325866699219,1318000,0
2021-08-05,35.112885851353475,35.26209226975433,34.635430624738305,34.79458236694336,1126500,0
2021-08-06,34.78463545372166,35.2720359818702,34.41659398367699,34.83436965942383,692400,0
2021-08-09,34.83437526661202,34.83437526661202,34.39670887371576,34.69511795043945,344000,0
2021-08-10,34.75479433226888,35.14273027069789,34.54590837698344,34.96368408203125,618600,0
2021-08-11,35.01341667788024,35.291931272094146,34.64537899345804,35.00346755981445,771300,0
2021-08-12,35.252145141381995,35.620186649018784,34.88013081626685,35.60029220581055,995400,0
2021-08-13,35.54061306781268,35.8091823910831,35.371515972315095,35.4013557434082,445200,0
2021-08-16,35.11288715141938,35.301882460988324,34.82442342221824,35.142730712890625,399600,0
2021-08-17,35.043257877430385,35.043257877430385,34.09829272977176,34.20771026611328,1541200,0
2021-08-18,34.058507022177274,34.177869880352056,33.26274451574048,33.2726936340332,1986900,0
2021-08-19,32.8449715428271,33.11851157531913,32.40233065516983,33.014068603515625,1377100,0
2021-08-20,33.11354017856869,33.88940440828202,32.805182033552974,33.6009407043457,817100,0
2021-08-23,33.760097178291815,34.19776735453251,33.71036296584915,34.148033142089844,508100,0
2021-08-24,34.28728253715883,34.675214616899055,34.13807613980814,34.53595733642578,433000,0
2021-08-25,34.466330897600486,34.943786087351576,34.29723005017058,34.57574462890625,430200,0
2021-08-26,34.456387947730114,34.625488825428825,34.177873319140744,34.32707595825195,310500,0
2021-08-27,34.26739192665275,34.83437022877304,34.26739192665275,34.724952697753906,664900,0
2021-08-30,34.734900108786036,35.28198779676091,34.56580303757704,35.05320739746094,496300,0
2021-08-31,35.10293976808853,35.595314866995764,34.894053822428106,35.00346755981445,575800,0
2021-09-01,35.063153440722246,35.112887651246304,34.33702334253531,34.65532684326172,1274600,0
2021-09-02,34.7746874564244,35.480923065791174,34.56580150905848,35.281986236572266,679200,0
2021-09-03,35.192465660753385,36.057853072028486,35.13278233103621,35.978275299072266,684600,0
2021-09-07,36.00811791349087,36.2766871984342,35.2421989440918,35.2421989440918,1855600,0
2021-09-08,35.56050027390658,36.386102521195056,35.24219679878919,36.24684143066406,1108100,0
2021-09-09,36.39604874314506,36.87350396760712,36.17820782859939,36.60493469238281,717700,0
2021-09-10,36.873506062712146,37.27138733627604,36.61488589102954,36.933189392089844,529800,0
2021-09-13,37.15202288888356,37.72895039044339,36.83371936887719,36.97297668457031,803600,0
2021-09-14,37.181860743237145,37.370852243446755,35.848963534950585,36.06779479980469,1487300,0
2021-09-15,36.14737443909215,36.76408697207434,35.29193239314565,35.45108413696289,1368600,0
2021-09-16,35.311827712588844,35.83901716561458,35.00346954119959,35.80917739868164,1552100,0
2021-09-17,35.62018578173926,36.51541293745059,35.26209340166395,36.2866325378418,1713400,0
2021-09-20,35.57044801605676,36.028012612817555,35.00346967529705,35.520713806152344,1329900,0
2021-09-21,35.74949874565678,36.74917280789419,35.65997563867317,36.54526138305664,1589100,0
2021-09-22,36.73424676644734,37.61952856799532,36.654668998252234,36.9829216003418,3568600,0
2021-09-23,37.39074782527814,37.599633773114874,37.00779025424412,37.181861877441406,564200,0
2021-09-24,36.982923138419906,37.95772807249,36.913294485591834,37.60958480834961,832500,0
2021-09-27,37.64936837321222,37.858258117704466,36.92323831281808,37.171913146972656,508000,0
2021-09-28,36.99286953359865,37.530008123374785,36.528345852146636,37.01276397705078,1067800,0
2021-09-29,37.21170524495863,37.38080611991636,36.56514910252516,37.092342376708984,805600,0
2021-09-30,37.41064769885907,37.64937344691156,36.82377485938712,36.953086853027344,1008700,0
2021-10-01,37.25149234322283,37.400694972748894,36.37615583099068,37.231597900390625,839000,0
2021-10-04,37.36091119408587,37.83836645540132,36.22695067967492,36.724300384521484,864500,0
2021-10-05,36.943132850901215,37.649368471061244,36.405994297056886,37.54990005493164,1745300,0
2021-10-06,37.35096417587331,38.907671268064846,37.15202352384991,38.852962493896484,2183500,0
2021-10-07,39.04195047706395,39.73824079860763,38.98226714853953,39.320465087890625,1079100,0
2021-10-08,39.65866251316967,39.65866251316967,38.604283617577714,38.76343536376953,1017200,0
2021-10-11,38.72364676351607,39.36025375296727,38.61422922573971,39.23094177246094,594400,0
2021-10-12,39.67856051412494,39.77803273596358,38.91264148111517,39.340362548828125,967200,0
2021-10-13,39.69845332450405,39.80787086678429,38.584391047107054,39.191158294677734,1037300,0
2021-10-14,39.74818812664893,39.857605670554705,38.92756034183277,39.08174133300781,474000,0
2021-10-15,39.20213078633509,39.331475180573456,38.62504178235662,38.92353439331055,512300,0
2021-10-18,38.615100265720834,39.54540233208843,38.615100265720834,39.39118194580078,431900,0
2021-10-19,39.46082600237705,39.97821500045864,39.341429709139675,39.80906677246094,718100,0
2021-10-20,39.988162848065855,40.56525188675464,39.91851469450544,40.226959228515625,1724900,0
2021-10-21,40.12745845579038,41.11248440039977,40.12745845579038,40.336402893066406,941600,0
2021-10-22,40.624953888818304,41.65972813253612,40.197113041731754,41.102542877197266,753900,0
2021-10-25,41.28163922228187,41.44083555174152,40.80404643836302,41.102542877197266,383900,0
2021-10-26,41.0726826043147,41.47067524480639,40.754290010137,41.27167892456055,902500,0
2021-10-27,41.05278870726887,41.271685071696325,39.5901736960245,39.62002182006836,1051700,0
2021-10-28,39.580221158738794,41.58012893960438,39.57226191215688,40.6348991394043,1508500,0
2021-10-29,40.545351418427686,41.38113304734079,40.11751059674957,40.94334411621094,721000,0
2021-11-01,41.13238954004743,41.63982663604755,41.00304134085533,41.381134033203125,947900,0
2021-11-02,41.3015345264278,41.53038280326955,40.90354560937475,41.51048278808594,546700,0
2021-11-03,41.58012908860295,42.03781803078973,40.88364377040502,41.42093276977539,623000,0
2021-11-04,42.93330198629911,43.4904872341438,40.24686064170274,40.97319412231445,2395900,0
2021-11-05,40.33640667363857,40.993091963439774,39.182232412911006,39.37127685546875,1445900,0
2021-11-08,39.77921728402787,40.34635440188322,38.625043034203344,38.94343566894531,2223200,0
2021-11-09,38.93348585197796,38.99318209616147,38.05790424707206,38.61509323120117,1922300,0
2021-11-10,38.52554413840131,39.779214577972056,38.52554413840131,39.14242935180664,1364300,0
2021-11-11,39.23198365101885,39.26183177706036,38.336501914374324,38.57529830932617,1332400,0
2021-11-12,38.62503956498156,39.7195136741612,38.44594324958282,39.55036926269531,804900,0
2021-11-15,39.63991969603155,40.008060456356745,38.79418999907218,38.92353439331055,1116200,0
2021-11-16,39.04293447311417,40.505549405412445,38.90363437883577,40.008060455322266,1076300,0
2021-11-17,40.02796303651061,41.07268913960933,39.8289666846014,40.95329284667969,1158500,0
2021-11-18,41.20203372476691,42.027867184335754,40.79409294711731,41.679622650146484,1278100,0
2021-11-19,37.81910887568783,40.31650556761382,37.44102000081053,40.07770919799805,4429100,0
2021-11-22,40.37620835983029,40.54535279503021,38.76434129506743,38.85388946533203,1615500,0
2021-11-23,38.80414009094238,39.99811439131008,38.55539560317993,39.79911804199219,2807100,0
2021-11-24,39.59017145689492,40.25680482643575,38.89368616945891,40.187156677246094,505300,0
2021-11-26,39.34143380140542,39.87872287017159,39.092689283888504,39.39118194580078,387600,0
2021-11-29,39.79911796057836,40.39610321177117,39.351377124413915,39.918514251708984,1736500,0
2021-11-30,39.79911368569146,39.91850996399754,38.29669881409388,38.40614318847656,1185700,0
2021-12-01,38.04795869450709,38.63499584016856,36.10775092186056,36.54553985595703,4376700,0
2021-12-02,36.87387990519343,38.336494740633526,36.81417986874189,37.79920959472656,1953500,0
2021-12-03,37.839010724570585,37.93851079821086,36.85398466654004,37.092777252197266,1646400,0
2021-12-06,37.20222520678263,37.829062382474724,36.99328074673182,37.45096969604492,1055400,0
2021-12-07,38.08775090880839,38.505643579767295,37.68976204586674,37.80915832519531,900600,0
2021-12-08,37.87880835823763,38.306649158981095,37.4012194215904,37.83900833129883,1274200,0
2021-12-09,37.739512452132374,37.88876065693593,37.008203080566076,37.18232345581055,1454300,0
2021-12-10,37.18232502513782,37.47086954231535,36.64503981535515,36.72463607788086,965700,0
2021-12-13,36.76444180942765,36.83408997326812,35.729663667311726,35.96846008300781,1294300,0
2021-12-14,35.72965611636866,36.75448213533087,35.59035981812597,35.90875244140625,1792300,0
2021-12-15,35.99830000773406,36.12764819490554,35.21226657148034,35.83910369873047,1395400,0
2021-12-16,36.05800093045104,36.44604170593407,35.24709150910827,35.4311637878418,1331800,0
2021-12-17,35.451069046499896,35.83910987939485,34.86403184414751,35.21227264404297,1204800,0
2021-12-20,35.59036290476682,35.59036290476682,34.32674041098464,35.05307388305664,2505500,0
2021-12-21,35.38141574790719,36.3664417505743,35.38141574790719,36.33659362792969,976000,0
2021-12-22,36.3465449296061,37.33853962993483,36.321672757064015,37.23207473754883,1005700,0
2021-12-23,37.31167130552057,38.10765286759711,37.24202315606009,37.77931213378906,537400,0
2021-12-27,38.04795435355831,38.485743237706785,37.83403396567615,38.40614318847656,355300,0
2021-12-28,38.09770293456783,38.36137145854987,37.495741788457686,37.57036209106445,631100,0
2021-12-29,37.49076719783217,37.91860799416379,37.23207082093707,37.41116714477539,612000,0
2021-12-30,37.45097360558406,37.94846263604196,37.242029123721366,37.33157730102539,967700,0
2021-12-31,37.1524750488953,37.81413626530292,37.14252693990292,37.659912109375,570500,0
2022-01-03,37.78925843348243,37.85890657960828,36.60523615380372,37.57036209106445,714700,0
2022-01-04,37.699713265742275,37.81910955492477,36.60523905790028,36.89378356933594,1159800,0
2022-01-05,36.97338222044205,37.0828304074095,35.06799844506456,35.24211883544922,1626500,0
2022-01-06,35.09287181209913,36.30674609316156,34.824227317329274,35.38141632080078,2187800,0
2022-01-07,35.31176703956643,35.52668186939552,34.27698912147128,35.122718811035156,1072200,0
2022-01-10,34.82422857269041,34.913776740841776,33.789450584172364,34.376487731933594,1027800,0
2022-01-11,34.46603452749415,34.635182747505915,33.84914928009616,34.535682678222656,1255700,0
2022-01-12,34.814283472803965,35.15257616000541,34.406342626079294,34.665035247802734,1459800,0
2022-01-13,34.75457861217432,35.759504628699105,34.52573414891698,35.25206756591797,1787300,0
2022-01-14,34.87397699873758,35.053073336515205,33.52080635576878,33.95859909057617,1120600,0
2022-01-18,33.90869894404162,34.33779697495619,33.369831118238274,33.48958206176758,1578800,0
2022-01-19,33.51951776183507,33.95859313296211,32.930755615234375,32.930755615234375,1327200,0
2022-01-20,33.230129137463486,33.64924987242437,32.23222733870066,32.31206130981445,983200,0
2022-01-21,32.01269142996872,32.38191402846555,31.384012232868418,31.4937801361084,1147900,0
2022-01-24,30.81520309506965,32.45176314742063,30.52581259710132,32.43180465698242,1737100,0
2022-01-25,32.01269721550436,32.431814218187846,31.433912242243608,32.042633056640625,1343500,0
2022-01-26,32.55155555950222,33.020570622338326,31.763214129437216,31.942834854125977,1187000,0
2022-01-27,32.192306272477566,32.21226476272609,31.104595200782207,31.174448013305664,1210600,0
2022-01-28,31.064682078137224,31.733276357723017,30.615627411856593,31.653444290161133,1389200,0
2022-01-31,31.71331805723453,32.82098769697252,31.403967146695102,32.801029205322266,1012100,0
2022-02-01,33.06048590259557,33.469625466085645,32.57151237223277,33.41973114013672,901100,0
2022-02-02,33.419732956813846,33.46962728547499,32.5515556499981,32.65134811401367,807300,0
2022-02-03,32.15239706427689,32.32203854227341,31.2343254330756,31.423927307128906,1053400,0
2022-02-04,31.24430280405991,31.783170654810224,31.224346215894222,31.533695220947266,1021900,0
2022-02-07,31.48379902515599,32.022666876470936,31.354072636883785,31.71331787109375,881100,0
2022-02-08,31.583589600938623,32.057593306766336,31.33411416664472,31.84304428100586,787900,0
2022-02-09,32.38191230950875,32.99063298158068,32.25218401709349,32.840946197509766,1630200,0
2022-02-10,32.02765945271887,33.68916305474247,31.803131167304887,32.3320198059082,2689500,0
2022-02-11,32.36195346832462,32.43180628501845,30.236421713617062,30.92497444152832,3705300,0
2022-02-14,30.665521538282235,30.944934724581188,29.902127278292287,30.006906509399414,2476900,0
2022-02-15,30.45596305259286,30.685480007225834,29.657640479502593,29.807327270507812,1644600,0
2022-02-16,29.837264985012002,29.877181972686234,28.804436720775385,29.3981876373291,2576400,0
2022-02-17,29.12875169199647,29.88715722635506,28.769506464314382,28.809423446655273,2230200,0
2022-02-18,28.82937994221463,28.99902330992753,27.922288790574743,28.360366821289062,1788900,0
2022-02-22,28.140830996975218,28.60984414903105,27.86141781297689,28.18074607849121,1091200,0
2022-02-23,28.420242193568843,28.559949736828095,27.50217248125723,27.562047958374023,873500,0
2022-02-24,26.773704744258705,28.48510645325298,26.70385192402981,28.37034797668457,1365200,0
2022-02-25,28.440199040283225,29.208583822034385,28.080953811756142,29.16866683959961,1302600,0
2022-02-28,28.739568799959486,29.448080011523324,28.669715984033434,29.18862533569336,855300,0
2022-03-01,29.497972396162933,29.507951641116964,28.959106492069683,29.148706436157227,1152900,0
2022-03-02,29.318355565943268,29.942044223265764,29.298398975452464,29.36825180053711,1424900,0
2022-03-03,29.487995001182796,29.487995001182796,28.599863081365548,28.749547958374023,1263800,0
2022-03-04,28.470140429689298,28.96909135405811,28.021083836418676,28.06100082397461,1756400,0
2022-03-07,28.011104457291903,28.07097803499642,26.174964912015174,26.234840393066406,2168800,0
2022-03-08,26.23483865164347,27.72171207214547,25.855634910210078,27.442298889160156,2526000,0
2022-03-09,27.96120654959116,29.33831008071427,27.96120654959116,28.530010223388672,2869800,0
2022-03-10,27.98116693012199,28.789466842027228,27.80154430451047,28.679697036743164,1147600,0
2022-03-11,28.839361148722634,29.218564892145828,27.961208417134067,28.52003288269043,1916300,0
2022-03-14,28.619823380661845,29.128753517320916,27.572025368712023,28.080955505371094,1684200,0
2022-03-15,28.27055551962386,29.378227032729008,27.851436723044596,28.380325317382812,1554500,0
2022-03-16,28.70963304396404,30.276338445436338,28.659736815777556,29.59776496887207,1777500,0
2022-03-17,29.328332964834665,30.00191781430729,29.198606569758425,29.82728385925293,819700,0
2022-03-18,29.69755574959865,30.984847993136164,29.65763876674341,30.825183868408203,2084600,0
2022-03-21,30.745353713581586,31.129546132340522,30.475921675978313,30.85512351989746,1314800,0
2022-03-22,30.984847961138254,31.433904501063477,30.56572915832355,30.655540466308594,1432400,0
2022-03-23,30.475919825409356,31.503757391784852,30.346191534304978,31.034744262695312,1201100,0
2022-03-24,31.204389528164366,31.254283856482516,30.632591846377785,30.85512351989746,1153900,0
2022-03-25,30.835163131073575,31.00979707614151,30.535793372880693,30.914995193481445,733600,0
2022-03-28,30.755329461226765,32.152393335366156,30.755329461226765,32.1324348449707,1673400,0
2022-03-29,32.64136884558917,33.19021410588171,32.16237641078695,32.30208206176758,1432700,0
2022-03-30,32.182331011847246,32.361953629006955,31.61352732640585,31.773191452026367,885600,0
2022-03-31,31.85302551080888,32.76111789927983,31.713319867973333,32.47172546386719,1679800,0
2022-04-01,32.63138569633785,32.89083845818506,32.03264240434053,32.1723518371582,1058200,0
2022-04-04,32.272142269740094,32.51164036114122,31.43390465987569,31.50375747680664,586100,0
2022-04-05,31.63348762006865,31.863004575805142,30.785270714796155,30.994829177856445,1050000,0
2022-04-06,30.825185784320897,30.914997097980834,30.326234887697527,30.87508201599121,927800,0
2022-04-07,30.87508405236397,33.16027831987924,30.695461413197048,33.080448150634766,2709100,0
2022-04-08,32.860904629069324,32.870881971532384,32.18233114079009,32.50165939331055,1357300,0
2022-04-11,32.232223564910484,32.92077816172366,31.82308402758804,32.45176315307617,964200,0
2022-04-12,32.73117824004553,32.94073670419191,32.23222734063419,32.37193298339844,1020100,0
2022-04-13,32.35196896251288,33.43968188963563,32.35196896251288,33.020565032958984,1373600,0
2022-04-14,33.06249450542637,33.54166065094571,32.67317225019654,32.782981872558594,587100,0
2022-04-18,32.61327651257258,32.81293003415343,32.28884382408717,32.66319274902344,540300,0
2022-04-19,32.643224596690395,33.54665204999492,32.623258865204654,33.411888122558594,950900,0
2022-04-20,33.781245821111206,34.10068991995264,33.182289087802026,33.47178268432617,1035800,0
2022-04-21,33.83115573219173,33.95094630833232,32.96266739104339,33.15233612060547,1082300,0
2022-04-22,32.83289567018077,33.032549191172144,30.97612630272413,31.006072998046875,2560600,0
2022-04-25,30.836367439430695,31.290577381468268,30.26735739160748,30.876298904418945,1383800,0
2022-04-26,30.656680676238626,31.654944485752676,30.60676824737777,31.026039123535156,2022200,0
2022-04-27,31.145830475684054,31.844613974282613,31.06596945001459,31.744787216186523,1294900,0
2022-04-28,31.96440466562899,32.18402390188612,31.305550764931468,31.944438934326172,870200,0
2022-04-29,31.734805906367566,31.969398499717954,29.997825285019836,30.077686309814453,1501900,0
2022-05-02,29.937930525368145,30.437062415228976,29.44878150178898,30.007808685302734,1808500,0
2022-05-03,30.01779059603018,30.2074612412699,29.46874629627578,29.668397903442383,1278900,0
2022-05-04,29.628469557429003,29.688364851629046,28.37065695500565,29.438798904418945,2145100,0
2022-05-05,29.678381057294068,30.546871364206204,28.590273409157227,28.809892654418945,2085800,0
2022-05-06,28.65017155279129,29.638452477033834,28.041230031213097,29.538625717163086,1284200,0
2022-05-09,29.03949498604957,29.24912947654909,27.951387258313673,28.041231155395508,1862000,0
2022-05-10,28.87976932269832,28.999559901172052,27.621956824502654,28.25086212158203,1017700,0
2022-05-11,28.190968527364344,28.670134678143597,27.15277520067597,27.172739028930664,838000,0
2022-05-12,26.863277717337695,27.272565707956424,26.174475187549362,26.683589935302734,2167100,0
2022-05-13,27.01301517988018,28.330722958795764,26.91318842910602,27.951383590698242,1465100,0
2022-05-16,27.90147325268189,28.849822695823658,27.74175120112039,28.640188217163086,1035500,0
2022-05-17,28.92968323907351,29.20919777666251,28.33072460368966,28.809892654418945,597100,0
2022-05-18,28.32074147125626,28.77495137000608,27.592007536967923,27.731765747070312,1312200,0
2022-05-19,27.60199281871188,28.96961501935767,27.52213179339193,28.340707778930664,1235800,0
2022-05-20,28.740014713859246,29.29404950415055,28.340707684552218,29.209197998046875,1241200,0
2022-05-23,29.478729023913328,30.107634344390686,29.002556030259353,29.758241653442383,984800,0
2022-05-24,29.638452082733437,29.917964721808495,29.119354461541118,29.518659591674805,911300,0
2022-05-25,29.588537933688535,30.027774531559512,28.410586364510994,29.139320373535156,1882000,0
2022-05-26,29.299041771363335,30.107634884786645,29.229163612726843,29.688364028930664,2022100,0
2022-05-27,29.798175281193508,30.71657806785265,29.798175281193508,30.646699905395508,620500,0
2022-05-31,30.946177640857417,31.026038668285246,30.30728942143481,30.516923904418945,1569900,0
2022-06-01,30.576818575159976,30.956159875730737,30.152557232612278,30.776472091674805,1309100,0
2022-06-02,30.60676503922113,31.73480409199337,30.60676503922113,31.634977340698242,856100,0
2022-06-03,31.365446932115383,31.764752049155902,31.205724885299173,31.505203247070312,818700,0
2022-06-06,31.644957978346977,32.36370520576696,31.644957978346977,32.00433349609375,1395400,0
2022-06-07,31.784718539379455,31.95442155213831,31.37543054664296,31.834630966186523,375800,0
2022-06-08,31.63497938080319,31.63497938080319,30.262366698078353,30.476993560791016,1149900,0
2022-06-09,30.137584171947925,30.457028278180484,29.32898913600506,29.528642654418945,739700,0
2022-06-10,29.04947569913264,29.139319589553516,28.161019660974777,28.420568466186523,1394600,0
2022-06-13,27.54209572681175,27.95138369284836,26.998041932343046,27.182720184326172,1182500,0
2022-06-14,27.342445826725108,27.342445826725108,26.269313346704237,26.294269561767578,1208900,0
2022-06-15,26.503903076273687,27.013017841757126,25.954858748968043,26.633678436279297,932400,0
2022-06-16,26.214405903274326,26.51388426208745,24.487410099108907,24.707027435302734,1607800,0
2022-06-17,24.67707967484782,24.97655994785622,24.118052497550654,24.846784591674805,1082600,0
2022-06-21,25.465708227315467,26.164491702658147,25.086366939982405,25.585498809814453,1045700,0
2022-06-22,25.25607133081786,26.039708197963666,25.03645399807609,25.655378341674805,899100,0
2022-06-23,25.745222211664956,26.963103262668707,25.685325017653916,26.913188934326172,1130900,0
2022-06-24,27.17273796875053,27.681852698103587,27.022998790478912,27.312496185302734,929000,0
2022-06-27,27.312496323527782,27.641923279007308,27.092877083850123,27.222652435302734,432000,0
2022-06-28,27.20268949914068,27.741752883887177,26.294269561767578,26.294269561767578,931300,0
2022-06-29,26.563799669316175,26.563799669316175,25.765187506675254,26.214406967163086,999900,0
2022-06-30,25.74522419201963,25.884980514055076,25.286021856130596,25.755205154418945,2607800,0
2022-07-01,25.775171525911475,25.884981155395508,25.00650792759751,25.884981155395508,876900,0
2022-07-05,25.40581399963211,25.605465613500773,24.59721896574727,25.445743560791016,1524000,0
2022-07-06,25.395829546232566,25.954856695780574,25.34591521785698,25.655378341674805,1812700,0
2022-07-07,25.924910427427196,26.26432027472049,25.425778523059066,26.064668655395508,823600,0
2022-07-08,25.93489121988917,26.274301040038598,25.645395728606985,25.765186309814453,862100,0
2022-07-11,25.565536584530324,25.765188202555066,24.776907266826864,24.986543655395508,1155600,0
2022-07-12,24.8368017803364,25.106333455427894,24.48741098377747,24.946611404418945,1754500,0
2022-07-13,24.487412913055827,24.846786604121256,24.38758614730097,24.65711784362793,1041500,0
2022-07-14,24.02820740770647,24.746958503851133,23.95832925203395,24.687061309814453,1271200,0
2022-07-15,25.08856046508218,25.16846026030697,24.818897941837992,25.03862190246582,572700,0
2022-07-18,25.24836124424144,25.88755963613365,25.028635368307388,25.138498306274414,772600,0
2022-07-19,25.55797132981555,25.997421152695324,25.138496931830623,25.907533645629883,1534100,0
2022-07-20,26.027381514063144,26.666581754577642,25.912525682203512,26.556718826293945,831500,0
2022-07-21,26.576695170845507,27.135993733822517,26.466832238757366,26.956218719482422,870800,0
2022-07-22,27.086058005968496,27.285806547119847,26.816395475204665,27.195919036865234,1038000,0
2022-07-25,27.325757743971472,27.325757743971472,26.796420388549986,27.305782318115234,751200,0
2022-07-26,27.036118186082614,27.111025076135707,26.43686878054192,26.526756286621094,1191600,0
2022-07-27,26.82638281485937,27.485556610916642,26.82638281485937,27.405656814575195,1784100,0
2022-07-28,27.635368675410657,27.984931001098435,26.60166421992233,27.905031204223633,2046300,0
2022-07-29,27.9150183458077,28.52425357015246,27.39566872426677,27.615392684936523,1768200,0
2022-08-01,27.385680901053394,27.96495489044268,27.215893598734397,27.52550506591797,1061000,0
2022-08-02,27.505532128874847,27.845104835748536,27.305781684867817,27.655344009399414,729400,0
2022-08-03,27.96495645088062,28.629125080970546,27.67531848754356,28.464330673217773,910300,0
2022-08-04,28.594166895451426,28.753968397837195,28.274567700602823,28.444355010986328,851400,0
2022-08-05,28.174692815064784,28.6341180919101,28.074819494193683,28.554218292236328,647000,0
2022-08-08,28.773942323892694,29.28330426221434,28.74398108955474,28.96370506286621,1122200,0
2022-08-09,28.903779951927092,28.983679749725972,28.074818835403143,28.174692153930664,707400,0
2022-08-10,28.73399245826406,28.903779765612413,28.404405556348017,28.7240047454834,788900,0
2022-08-11,28.953717610837327,29.453091840561935,28.72400592235477,28.823881149291992,1134000,0
2022-08-12,29.03361568123004,29.333241344186483,28.903779227421893,29.323253631591797,648600,0
2022-08-15,29.023628344327506,29.213391076160136,28.90377960156268,29.113515853881836,741500,0
2022-08-16,29.10352903758187,30.042353107976552,28.99366800415716,29.513015747070312,672200,0
2022-08-17,29.393164639675355,29.423125871402128,28.833866089560154,29.313264846801758,873100,0
2022-08-18,29.38317657359271,29.43311322917684,29.113514061531284,29.203401565551758,671800,0
2022-08-19,28.913768897069808,29.103529734328813,28.53424341262875,28.843854904174805,623200,0
2022-08-22,28.344477907681096,28.574191480594372,27.9649543651936,28.124753952026367,885100,0
2022-08-23,27.964955793533992,28.34447935540606,27.900036612766943,28.084806442260742,628200,0
2022-08-24,27.99492023074083,29.04360535966605,27.99492023074083,28.843854904174805,652400,0
2022-08-25,29.063578583911028,29.443102134632117,28.88380356858369,29.30327796936035,789800,0
2022-08-26,29.313265410285286,29.373189779852073,28.224629520855007,28.234617233276367,677400,0
2022-08-29,28.164704902737064,28.534240734259363,27.94497904132898,28.374441146850586,566900,0
2022-08-30,28.504281202071567,28.59416680850815,27.97494384661215,28.19466781616211,607600,0
2022-08-31,28.58418041186414,28.644104783241566,27.934992419589875,28.064830780029297,897600,0
2022-09-01,28.50427921555655,29.403152361931404,28.34447772479353,29.153465270996094,2494500,0
2022-09-02,29.4031532490083,29.46307761925149,28.379436526280823,28.664079666137695,1018600,0
2022-09-06,28.83386613741092,28.87381508143335,28.284553393652153,28.514265060424805,776600,0
2022-09-07,28.464327916300014,29.018633554200715,28.274565196802182,28.793914794921875,2195800,0
2022-09-08,28.753965613667475,28.913765195618808,28.474315392771995,28.77393913269043,666200,0
2022-09-09,29.243354655502568,30.441851626038666,28.98367983564605,30.36195182800293,1349200,0
2022-09-12,30.571689351876376,31.061075842775338,30.282051399426827,30.71151351928711,1465200,0
2022-09-13,30.192162767869487,30.511761941475253,29.952463387665166,29.97243881225586,1098100,0
2022-09-14,30.002403259277344,30.242102649948784,29.792665101838942,30.002403259277344,981900,0
2022-09-15,29.81264242917372,30.267072910158593,29.168449204107674,29.273317337036133,1428700,0
2022-09-16,28.813891116873503,28.813891116873503,27.705279806529262,27.98493003845215,2217300,0
2022-09-19,27.565454455226664,28.39441549792729,27.555466743271083,28.364452362060547,705900,0
2022-09-20,28.16470562184294,28.55421688797674,27.944979754824782,28.274566650390625,1184200,0
2022-09-21,28.264579337679518,28.71401688570115,27.895043491494107,27.905031204223633,474400,0
2022-09-22,27.775193104209137,27.825131668325156,26.466833203752465,26.716520309448242,1653100,0
2022-09-23,26.3769439585042,26.456843750873414,25.707782483051535,26.167207717895508,1236900,0
2022-09-26,26.00740948312484,26.406908465707723,25.547984224433463,25.717771530151367,1142800,0
2022-09-27,25.88756022741729,26.077322968705108,25.148486593670775,25.268335342407227,1086900,0
2022-09-28,25.21839727593089,26.34698213762121,25.053602874399765,26.19717025756836,1234300,0
2022-09-29,26.06733494052768,26.117271601070925,25.418148828657984,25.727760314941406,713600,0
2022-09-30,25.55797222908545,25.817647046971132,25.103541774025867,25.25834846496582,1102600,0
2022-10-03,25.707783926858855,26.187182707998264,25.188434294810452,25.807659149169922,1589900,0
2022-10-04,26.257096874701954,27.42563069727313,26.147233938920486,27.3557186126709,1599100,0
2022-10-05,26.826382831476757,27.425630351928085,26.721512800932505,27.24585723876953,850800,0
2022-10-06,27.17594283489656,27.415644125368665,25.977445907342936,26.566707611083984,1524800,0
2022-10-07,26.207157629280267,26.207157629280267,24.67907190071407,24.719022750854492,1716800,0
2022-10-10,24.67906975793858,24.97869539309241,24.339497086035532,24.699045181274414,1768900,0
2022-10-11,24.549235477529123,24.888810084290046,24.179697733126456,24.399423599243164,1432200,0
2022-10-12,24.21964812369003,24.57919814872213,24.099797480358877,24.19967269897461,1282400,0
2022-10-13,23.510538922493392,24.72401651061943,23.07108908054135,24.549236297607422,1537500,0
2022-10-14,24.681134511392177,25.000889785384366,23.851768554765524,23.921714782714844,710900,0
2022-10-17,24.32141180518482,25.240709281605234,24.32141180518482,25.210731506347656,853100,0
2022-10-18,25.790286960997427,26.030103431194522,25.470531667401307,25.720340728759766,879300,0
2022-10-19,25.630409200327737,25.710348023371612,25.250700267342296,25.580448150634766,1060100,0
2022-10-20,25.59044025526187,25.740325307383248,24.920951910287336,25.000890731811523,1125500,0
2022-10-21,25.380600546855185,26.105047214365232,25.09082302338631,26.090059280395508,1039300,0
2022-10-24,26.219959105593865,26.40981452771605,25.600433694720063,26.03010368347168,1171000,0
2022-10-25,25.98014127814652,27.03933111968279,25.98014127814652,26.669614791870117,1140700,0
2022-10-26,26.659623755812316,27.03933269650512,26.169998216493628,26.229951858520508,1124500,0
2022-10-27,26.51973130562185,26.719577414466457,26.22995187484308,26.249937057495117,819200,0
2022-10-28,26.05008932325608,26.649631468029376,25.915192197740193,26.609661102294922,813200,0
2022-10-31,26.41980599256776,27.029338786195964,26.41980599256776,26.969385147094727,1702500,0
2022-11-01,27.159242124544622,27.59890661701058,26.294902979669768,26.519731521606445,904100,0
2022-11-02,26.33986827126638,27.034337163010314,25.97015001861055,26.0001277923584,853800,0
2022-11-03,26.01011990515479,26.07506888824254,24.96092071398289,25.420570373535156,2912700,0
2022-11-04,25.930180705441455,26.020112117831015,24.801042708057796,24.980905532836914,1639300,0
2022-11-07,25.260692890034207,25.66538234837198,25.055849536609987,25.62041664123535,1263500,0
2022-11-08,25.5604630736843,25.800279543803732,25.120798592186066,25.71034812927246,856500,0
2022-11-09,25.530484921659824,25.780293979233374,25.190744450888452,25.250699996948242,556200,0
2022-11-10,26.389830109738956,27.059318496299547,26.060082212232516,26.999364852905273,2319400,0
2022-11-11,27.21919524665997,28.3633212113903,27.17922678768651,28.248409271240234,2162000,0
2022-11-14,28.118508350615954,28.188454585375982,26.88944818182474,26.909433364868164,1470900,0
2022-11-15,27.4090515769014,27.818738300897525,26.88944825177247,26.999364852905273,949900,0
2022-11-16,26.889446552702864,27.419042435915802,26.729568909825723,27.239179611206055,907400,0
2022-11-17,26.739563074635786,27.02934060469751,26.529722464825895,26.84947967529297,1003100,0
2022-11-18,27.24917253294726,27.703824942753666,27.109278164312457,27.638874053955078,815700,0
2022-11-21,27.538949966430664,27.668851743636143,27.179226219620404,27.538949966430664,774600,0
2022-11-22,27.798752306500234,28.42827221438953,27.54894324277411,28.388301849365234,783100,0
2022-11-23,28.458248517451874,29.097761026376727,28.388302283481643,28.937881469726562,709000,0
2022-11-25,28.768011100467394,29.007827559657336,28.708055556251058,28.77800178527832,329900,0
2022-11-28,28.488225774607262,28.892917142807953,28.19844634668511,28.28837776184082,719100,0
2022-11-29,28.028575987090374,28.19844622544391,27.798752107521437,28.138492584228516,891600,0
2022-11-30,28.318356057414153,29.022817551855425,27.90866933899537,28.947874069213867,966000,0
2022-12-01,29.27762048423978,29.77723859424996,29.09775956558526,29.477468490600586,839700,0
2022-12-02,29.097759540150715,29.647338698324788,28.86793376126913,29.447490692138672,629100,0
2022-12-05,29.297604952660148,29.407521544071315,28.55817039655727,28.648101806640625,550900,0
2022-12-06,28.738034647519626,28.738034647519626,27.61389387140126,28.05855369567871,1803700,0
2022-12-07,27.878690711222923,28.268394140779094,27.828729661586124,27.868698120117188,784200,0
2022-12-08,28.16847049533243,28.42827214972365,27.828730016966357,28.30836296081543,727800,0
2022-12-09,28.108514818965837,28.59314500915397,28.00359547033497,28.14848518371582,829200,0
2022-12-12,28.388301913577543,28.478233329193717,28.13849284928637,28.46824073791504,569300,0
2022-12-13,29.23765339892017,29.447492100146203,28.598142797973857,28.817974090576172,1226300,0
2022-12-14,28.658096573778273,29.607369888241497,28.598142931133378,28.987844467163086,1775100,0
2022-12-15,28.42827247751117,28.97785166043858,28.363321586691484,28.718050003051758,2065800,0
2022-12-16,28.408286950679067,28.60813305755361,28.01858542226559,28.28837776184082,1393300,0
2022-12-19,28.31835720500372,28.388303441828015,27.878692694532706,27.968624114990234,2178800,0
2022-12-20,27.72880574635097,28.2184312767687,27.72880574635097,27.978614807128906,1616900,0
2022-12-21,27.94863721143726,28.528194159891747,27.908668752522413,28.19844627380371,1500800,0
2022-12-22,27.898675992237976,28.11850727966706,27.658859522526644,27.98860740661621,939500,0
2022-12-23,27.94863721143726,28.19844627380371,27.81873733759914,28.19844627380371,738200,0
2022-12-27,28.23841692779128,28.857942341504984,27.9086690383264,28.55817222595215,879700,0
2022-12-28,28.538187076008647,28.947873790482667,28.268394734059058,28.598142623901367,824900,0
2022-12-29,28.837959808902365,29.577394431452174,28.68807284136646,29.507448196411133,1738200,0
2022-12-30,29.347568392209908,29.437497897891426,28.648102281282114,29.207674026489258,1003000,0
2023-01-03,29.60736824232543,29.867169887199797,29.097759449335815,29.337575912475586,1109400,0
2023-01-04,29.737270860453183,30.611602574256203,29.687307904700734,30.356796264648438,1574600,0
2023-01-05,30.19691861802438,30.411754563030186,29.707293087001716,30.356796264648438,747700,0
2023-01-06,30.666559946261284,31.65580356957399,30.59661371621268,31.525901794433594,1863500,0
2023-01-09,31.7657214849675,31.7657214849675,30.746500046693356,30.786468505859375,1024100,0
2023-01-10,30.636583206634004,30.656568389005074,29.90714120311698,30.486698150634766,1271000,0
2023-01-11,30.42674418095889,30.726514289721376,29.707292870501934,30.087003707885742,2861500,0
2023-01-12,30.126971941301104,30.276856994562927,29.717285239635913,29.817209243774414,4720000,0
2023-01-13,29.557407967840568,30.34680551400134,29.1976823107656,30.276857376098633,1022100,0
2023-01-17,30.658717561805094,31.048573483121174,30.528766223582064,30.558753967285156,2750600,0
2023-01-18,30.56875036642071,30.633726988534793,29.893999443375986,30.008956909179688,938200,0
2023-01-19,29.719062151594784,30.62872721851688,29.719062151594784,30.328838348388672,1452300,0
2023-01-20,30.568751065364435,31.308478627436852,30.098924641339888,31.2185115814209,1583400,0
2023-01-23,31.248500965448564,31.958238870572213,31.12854426956937,31.658349990844727,1341900,0
2023-01-24,31.538393566157858,31.958239145374705,31.438431876487144,31.638357162475586,962000,0
2023-01-25,31.428435054366247,31.68833963988562,31.078563423603743,31.518402099609375,1717700,0
2023-01-26,31.57837948630725,31.678343081735335,30.298849659451125,30.958606719970703,1353100,0
2023-01-27,30.728690462062946,31.64835206843916,30.708697362508765,31.47841453552246,887400,0
2023-01-30,31.118547708356807,31.328471449409427,30.788669178114404,30.81865882873535,549100,0
2023-01-31,30.808661870990072,30.98859595904157,30.308845807134563,30.848648071289062,829600,0
2023-02-01,30.708698417863943,31.343465050672098,30.498776585271486,31.118547439575195,1040400,0
2023-02-02,31.42843452040599,32.15816360686915,31.238503882936584,31.83828353881836,1320600,0
2023-02-03,31.46841920989068,31.63835674941808,31.188523431831666,31.38844871520996,741400,0
2023-02-06,30.92861817271214,31.428434230224276,30.888631972920635,31.298480987548828,850600,0
2023-02-07,31.268492592434903,31.918253072324426,31.068565410939556,31.768308639526367,1139000,0
2023-02-08,31.84827967506467,32.068199959797255,31.618362840421796,31.728322982788086,683800,0
2023-02-09,31.978230584495467,32.1981489596507,31.44842488619119,31.47841453552246,1298400,0
2023-02-10,31.58837564258644,31.908257618649575,31.22850746619192,31.82828712463379,683600,0
2023-02-13,32.008220666146016,32.158163194886825,31.748316088372018,31.868270874023438,996400,0
2023-02-14,31.63835592789633,31.778305719938892,31.128543322551934,31.44842529296875,559200,0
2023-02-15,31.28848390305158,31.658348618216248,31.13853946968906,31.47841453552246,804500,0
2023-02-16,30.948609097641,31.718326277131624,30.9086248048431,31.31847381591797,1144200,0
2023-02-17,31.298482076358006,31.428435323554258,30.888633047472016,30.938615798950195,1542700,0
2023-02-21,30.57874747000316,30.773675433226888,29.514138701650104,29.829023361206055,1629400,0
2023-02-22,30.188891033596388,32.43806332199406,30.138908283199367,31.4084415435791,2844200,0
2023-02-23,31.648353569174564,31.648353569174564,30.588744028967223,30.80866241455078,1057000,0
2023-02-24,30.468786521405836,30.818658144291998,30.188890748414472,30.72869110107422,1675300,0
2023-02-27,30.98859485140286,31.398443856583206,30.39881176460247,30.648719787597656,3327200,0
2023-02-28,30.68870610631845,30.798664340345862,30.148903859350202,30.358827590942383,1691000,0
2023-03-01,30.178893390759594,30.65871633731509,29.589110303959206,30.648719787597656,3140700,0
2023-03-02,30.498776721403186,31.278490474470384,30.308846081557267,31.24850082397461,3247500,0
2023-03-03,31.388447359013497,31.588374540400558,30.95860525368415,31.48841094970703,1363800,0
2023-03-06,31.558387472243588,32.338099348799716,31.428436128366588,32.13817596435547,2073900,0
2023-03-07,32.21814091811522,32.8878963829307,31.958236353056822,32.68796920776367,4524900,0
2023-03-08,32.70796310157402,32.71795774459313,32.103186146632645,32.34809494018555,2346700,0
2023-03-09,32.53802368225837,33.377714788207335,32.40807044317392,32.62799072265625,2144500,0
2023-03-10,32.86790392453702,32.86790392453702,31.95823697578376,32.07819366455078,1653200,0
2023-03-13,31.69833278245204,32.16316185864837,31.14853589346453,31.628358840942383,2135300,0
2023-03-14,31.498410069375534,33.217776724328004,31.18852462892446,32.41807174682617,3391800,0
2023-03-15,31.65834757985944,32.21314177443947,31.47841350306728,32.11817932128906,1513200,0
2023-03-16,31.968233734018135,33.35772172696626,31.788299653016846,33.18778610229492,2577900,0
2023-03-17,33.20778096878421,33.217775612352234,32.58301088019808,32.77793884277344,1523200,0
2023-03-20,32.76793864219398,33.35772172696626,32.71795780042558,33.18778610229492,1116300,0
2023-03-21,33.48767771865382,33.49767236251147,32.887899941547815,32.98786163330078,796000,0
2023-03-22,32.89789362756355,33.06783307454863,32.47804995847216,32.49803924560547,775200,0
2023-03-23,32.73795332436891,33.387715755361036,32.178157940540395,32.44805908203125,701700,0
2023-03-24,32.14816911873448,32.58800588274459,31.99822277405465,32.52803039550781,768500,0
2023-03-27,32.647986140874956,32.83791487818546,32.138175417939365,32.45805740356445,570200,0
2023-03-28,32.47804915428471,32.85790661311585,32.358090554691174,32.837913513183594,424800,0
2023-03-29,32.99785452050855,33.40770353614785,32.94787367729281,33.397708892822266,684500,0
2023-03-30,33.56764783404912,34.557281480130214,33.54965290037931,34.27738571166992,1350200,0
2023-03-31,34.41733537339745,34.887163706115004,34.36735452834738,34.427330017089844,1141800,0
2023-04-03,34.43732725082162,34.697229923826356,34.18741922115426,34.517295837402344,780100,0
2023-04-04,34.55728340384526,34.69723129586595,33.807559285196675,34.1374397277832,691900,0
2023-04-05,33.94750745066066,34.30737564063772,33.72759096712563,33.837547302246094,630400,0
2023-04-06,33.94750459657642,34.28737965705872,33.877530655885394,34.04747009277344,1175100,0
2023-04-10,33.84754440754398,34.2374003266843,33.72259039175316,34.2174072265625,694900,0
2023-04-11,34.17741995914682,34.69722910620113,34.17741995914682,34.577274322509766,784900,0
2023-04-12,34.85717282887785,35.886796560819434,34.57227781190772,34.9371452331543,1136700,0
2023-04-13,34.93714374331901,35.45195368068954,34.93714374331901,35.32699966430664,983300,0
2023-04-14,35.22999954223633,35.38999938964844,34.5099983215332,34.689998626708984,835600,0
2023-04-17,34.7400016784668,34.97999954223633,34.349998474121094,34.54999923706055,1023600,0
2023-04-18,34.66999816894531,34.8650016784668,34.154998779296875,34.45000076293945,669600,0
2023-04-19,34.09000015258789,34.790000915527344,34.07500076293945,34.75,1158400,0
2023-04-20,34.70000076293945,35.029998779296875,34.577999114990234,34.880001068115234,1277800,0
2023-04-21,35.02000045776367,35.040000915527344,34.72999954223633,34.91999816894531,1452200,0
2023-04-24,35.08000183105469,35.560001373291016,34.970001220703125,35.09000015258789,1343300,0
2023-04-25,34.849998474121094,35.0099983215332,34.18000030517578,34.34000015258789,1306300,0
2023-04-26,34.20000076293945,34.29999923706055,33.30500030517578,33.43000030517578,1092700,0
2023-04-27,33.68000030517578,33.779998779296875,32.93000030517578,33.689998626708984,1220700,0
2023-04-28,34.810001373291016,36.52000045776367,34.61000061035156,36.29999923706055,3328300,0
